{"report": {"environment": {}, "tests": [], "summary": {"num_tests": 0, "duration": 0.010231494903564453}, "created_at": "2024-06-13 14:27:19.305288"}}