{"report": {"environment": {}, "tests": [], "summary": {"num_tests": 0, "duration": 0.11248946189880371}, "created_at": "2024-06-13 15:21:00.399916"}}